{
    "depth_front": {
        "intrinsic": [268.06, 268.06, 320, 240],
        "depth_image_size": [640, 480],
        "max_depth": 6,
        "min_depth": 0.01,
        "feature_num_per_grid": 30,
        "grid_size": [5, 4],
        "sharp_step": 1,
        "plane_step": 2,
        "search_range": 5
    },

    "Sensors": {
        "imu": {
            "Rib": [0.9999272388134, 0.01013507449243, 0.006541967901133,
                    0.004093977792119, 0.2250082276832, -0.9743482625944,
                    -0.01134708882596, 0.97430415053, 0.2249503630477],
            "tib": [0, 0, 0],
            "Na": [0.0001, 0.0001, 0.0001],
            "ba": [0.0, 0.0, 0.0],
            "Nba": [0.0001, 0.0001, 0.0001],
            "Ng": [0.00001, 0.0001, 0.0001],
            "bg": [0.0, 0.0, 0.0],
            "Nbg": [0.0001, 0.0001, 0.0001]
        },
        "cam_num": 2,
        "cam0": {
            "intrinsic": [114.256, 114.239, 158.039, 127.199],
            "image_size": [320, 240],
            "max_depth": 6,
            "min_depth": 0.1,
            "Rcb": [1, 0, 0,
                    0, 1, 0,
                    0, 0, 1],
            "tcb": [0.0, 0.0, 0.0]
        },
        "cam1": {
            "intrinsic": [114.256, 114.151, 160.394, 130.063],
            "image_size": [320, 240],
            "max_depth": 0.8,
            "min_depth": 0.1,
            "Rcb": [-0.996822, -0.0662957, -0.0441732,
                     -0.0400228, 0.896193, -0.441856,
                     0.0688809, -0.438684, -0.895998],
            "tcb": [-0.0384423, -0.047272, -0.043765]
        }
    },

    "KLOdometry": {
        "map_voxel_size": 0.6,
        "current_voxel_size": 0.1
    },

    "VoxelMap": {
        "subvoxel_size": 0.05
    }
}
