{
    "Sensors": {
        "wheel": {
            "distance": 0.23967,
            "radius": 0.035
        },
        "imu": {
            "Rib": [0.999443, 0.0331655, 0.00378234,
                    0.00374058, 0.00132126, -0.999992,
                    -0.0331703, 0.999449, 0.00119647],
            "tib": [0, 0, 0],
            "Na": [0.0001, 0.0001, 0.0001],
            "ba": [0.0, 0.0, 0.0],
            "Nba": [0.0001, 0.0001, 0.0001],
            "Ng": [0.00001, 0.0001, 0.0001],
            "bg": [0.0, 0.0, 0.0],
            "Nbg": [0.0001, 0.0001, 0.0001]
        },
        "cam_num": 2,
        "cam0": {
            "intrinsic": [114.156, 114.151, 160.394, 130.063],
            "image_size": [320, 240],
            "max_depth": 8,
            "min_depth": 0.1,
            "Rcb": [0.999762, 0.0218277, -0.000325455,
                    -0.0213468, 0.974401, -0.223802,
                    -0.00456797, 0.223756, 0.974634],
            "tcb": [0.0, 0.0, 0.0]
        },
        "cam1": {
            "intrinsic": [114.256, 114.239, 158.039, 127.199],
            "image_size": [320, 240],
            "max_depth": 0.8,
            "min_depth": 0.1,
            "Rcb": [-0.996822, -0.0662957, -0.0441732,
                     -0.0400228, 0.896193, -0.441856,
                     0.0688809, -0.438684, -0.895998],
            "tcb": [-0.0384423, -0.047272, -0.043765]
        }
    },

    "KLOdometry": {
        "map_voxel_size": 0.6,
        "current_voxel_size": 0.15
    },

    "VoxelMap": {
        "subvoxel_size": 0.15
    }
}
