{
    "Sensors": {
        "wheel": {
            "Rob": [0.0, -1.0, 0.0,
                    0.0, 0.0, -1.0,
                    1.0, 0.0, 0.0],
            "tob": [0.0, 0.0, 0.0],
            "distance": 0.23967,
            "radius": 0.035,
            "noise_left": 0.03,
            "noise_right": 0.03
        },
        "imu": {
            "Rib": [-1.0, 0.0, 0.0,
                    0.0, 0.0, -1.0,
                    0.0, -1.0, 0.0],
            "tib": [-0.10419, -0.0498, 0.08901],
            "Na": [0.001, 0.001, 0.001],
            "ba": [0.0, 0.0, 0.0],
            "Nba": [0.0001, 0.0001, 0.0001],
            "Ng": [0.0001, 0.0001, 0.0001],
            "bg": [0.0, 0.0, 0.0],
            "Nbg": [0.00001, 0.00001, 0.00001]
        },
        "cam_num": 1,
        "cam0": {
            "intrinsic": [111.898895, 111.898895, 119.559105, 89.294205],
            "image_size": [240, 180],
            "max_depth": 5,
            "min_depth": 0.1,
            "Rcb": [-1.0, 0.0, 0.0,
                    0.0, -1.0, 0.0,
                    0.0, 0.0, 1.0],
            "tcb": [0.0, -0.01873, 0.16418],
            "noise": [0.001, 0.001, 0.001]
        }
    },

    "KLOdometry": {
        "localmap_voxel_size": 0.9
    },

    "VoxelMap": {
        "global_voxel_size": 0.9,
        "subvoxel_size": 0.3,
        "griding_voxel_size": 0.15,
        "eigen_decomposition_num_thres": 6
    }
}
