{
    "Sensors": {
        "wheel": {
            "Rob": [0.0, -1.0, 0.0,
                    0.0, 0.0, -1.0,
                    1.0, 0.0, 0.0],
            "tob": [0.0, 0.0, 0.0],
            "distance": 0.23967,
            "radius": 0.035,
            "noise_left": 0.03,
            "noise_right": 0.03
        },
        "imu": {
            "Rib": [-1.0, 0.0, 0.0,
                    0.0, 0.0, -1.0,
                    0.0, -1.0, 0.0],
            "tib": [-0.10419, -0.0498, 0.08901],
            "Na": [0.001, 0.001, 0.001],
            "ba": [0.0, 0.0, 0.0],
            "Nba": [0.0001, 0.0001, 0.0001],
            "Ng": [0.0005, 0.0005, 0.0005],
            "bg": [0.0, 0.0, 0.0],
            "Nbg": [0.0001, 0.0001, 0.0001]
        },
        "cam_num": 1,
        "cam0": {
            "intrinsic": [121.77586, 121.6354, 160.9986, 115.61541],
            "image_size": [320, 240],
            "max_depth": 5,
            "min_depth": 0.1,
            "Rcb": [1.0, 0.0, 0.0,
                    0.0, 0.996195, -0.0871557,
                    0.0, 0.0871557, 0.996195],
            "tcb": [0.0, -0.01598, 0.1637],
            "noise": [0.01, 0.01, 0.01]
        }
    },

    "KLOdometry": {
        "localmap_voxel_size": 0.9
    },

    "VoxelMap": {
        "global_voxel_size": 0.9,
        "subvoxel_size": 0.1,
        "griding_voxel_size": 0.05,
        "eigen_decomposition_num_thres": 5
    }
}
