{
    "Sensors": {
        "wheel": {
            "Rob": [0.0, -1.0, 0.0,
                    0.0, 0.0, -1.0,
                    1.0, 0.0, 0.0],
            "tob": [0.0, 0.0, 0.0],
            "distance": 0.23967,
            "radius": 0.035,
            "noise_left": 0.05,
            "noise_right": 0.05
        },
        "imu": {
            "Rib": [-1.0, 0.0, 0.0,
                    0.0, 0.0, -1.0,
                    0.0, -1.0, 0.0],
            "tib": [-0.10419, -0.0498, 0.08901],
            "Na": [0.001, 0.001, 0.001],
            "ba": [0.0, 0.0, 0.0],
            "Nba": [0.0001, 0.0001, 0.0001],
            "Ng": [0.0005, 0.0005, 0.0005],
            "bg": [0.0, 0.0, 0.0],
            "Nbg": [0.00001, 0.00001, 0.00001]
        },
        "cam_num": 1,
        "cam0": {
            "intrinsic": [114.156, 114.151, 160.394, 130.063],
            "image_size": [320, 240],
            "max_depth": 3,
            "min_depth": 0.1,
            "Rcb": [1.0, 0.0, 0.0,
                    0.0, 0.707107, -0.707107,
                    0.0, 0.707107, 0.707107],
            "tcb": [0.0, -0.01493, 0.16414],
            "noise": [0.001, 0.001, 0.001]
        }
    },

    "KLOdometry": {
        "map_voxel_size": 0.6,
        "current_voxel_size": 0.15
    },

    "VoxelMap": {
        "global_voxel_size": 0.6,
        "subvoxel_size": 0.15
    }
}
